Date,Consumo,Total Released TA,TBCS,dia_semana,es_fin_de_semana,es_feriado,temp_max,temp_min,temp_prom,humedad,anio,periodo
2024-08-01,18265.521211831452,7346.400000000001,10142.999999999998,Thursday,0,0,29.1,20.9,24.6,61,2024,B_real
2024-11-27,22502.780154849224,12751.2,9150.6,Wednesday,0,0,38.5,27.2,31.6,57,2024,B_real
2025-05-16,21581.7,12461.4,6085.800000000002,Friday,0,0,28.6,19.0,23.1,66,2025,B_real
2024-11-05,22179.319878180973,12461.4,7245.0,Tuesday,0,0,31.7,23.9,26.6,81,2024,B_real
2024-03-29,25792.053146914834,14200.2,8983.800000000001,Friday,0,1,32.7,23.5,27.9,59,2024,B_real
2025-06-19,20073.05,12171.6,5107.800000000001,Thursday,0,0,15.9,14.0,14.9,92,2025,B_real
2024-10-07,20073.78791208791,6665.400000000001,13040.99999999999,Monday,0,0,35.1,22.9,27.8,59,2024,B_real
2024-04-17,20038.529331336675,6955.2,7245.000000000003,Wednesday,0,0,24.2,15.9,19.2,77,2024,B_real
2024-02-29,22616.307833070707,13041.0,6374.800000000002,Thursday,0,0,33.4,25.1,28.5,73,2024,B_real
2025-05-21,20727.30322580298,12751.2,7245.000000000003,Wednesday,0,0,25.8,19.5,21.9,90,2025,B_real
2024-12-25,22053.32421506593,9273.6,13040.99999999999,Wednesday,0,1,27.4,19.1,22.9,64,2024,B_real
2025-03-21,19761.35,9853.2,5279.4000000000015,Friday,0,0,33.8,22.8,28.3,52,2025,B_real
2024-03-11,23737.510603490064,12171.6,5506.200000000002,Monday,0,0,36.4,25.9,30.9,62,2024,B_real
2024-04-06,19952.553947551267,7534.799999999999,8694.000000000002,Saturday,1,0,33.6,24.1,28.6,70,2024,B_real
2026-05-07,22279.8904,11302.199999999999,9563.4,Thursday,0,0,29.2,14.8,24.5,73,2026,B_real
2026-01-19,22445.97,12461.4,7245.000000000003,Monday,0,0,33.6,23.8,28.0,59,2026,B_real
2026-05-13,21467.097999999998,13330.8,8114.400000000003,Wednesday,0,0,21.4,6.0,14.0,83,2026,B_real
2026-07-21,20686.472999999998,11302.199999999999,10142.999999999998,Tuesday,0,0,22.2,17.2,19.4,97,2026,B_real
2024-03-17,23917.54046196977,12751.2,4926.600000000001,Sunday,1,0,33.6,24.8,28.0,79,2024,B_real
2026-02-06,22895.430666666667,12751.2,8694.000000000002,Friday,0,0,38.0,24.8,31.5,51,2026,B_real
2024-07-17,15169.316880031674,2608.200000000001,15938.999999999984,Wednesday,0,0,21.3,10.8,15.2,81,2024,B_real
2025-05-14,22376.983660130718,12171.6,6375.600000000002,Wednesday,0,1,29.1,20.2,24.1,75,2025,B_real
2025-12-11,8133.036599999994,0.0,1738.8,Thursday,0,0,31.8,17.6,25.4,62,2025,B_real
2025-05-15,22208.375,13620.6,6375.600000000002,Thursday,0,1,28.8,20.2,23.7,65,2025,B_real
2025-06-20,19372.16,11302.199999999999,6375.600000000002,Friday,0,0,17.6,13.0,14.8,86,2025,B_real
2026-02-28,22317.4255,13620.6,6955.200000000003,Saturday,1,0,36.2,19.8,28.0,48,2026,B_real
2026-05-23,20843.578666666665,12762.6,10142.999999999998,Saturday,1,0,18.6,6.4,12.2,84,2026,B_real
2025-06-02,12940.384561749288,5216.4000000000015,0.0,Monday,0,0,18.1,12.8,15.6,86,2025,B_real
2025-04-02,22070.9152597742,12382.199999999999,8694.000000000002,Wednesday,0,0,25.0,19.5,22.2,86,2025,B_real
2026-02-20,22041.461333333333,11592.0,3477.600000000001,Friday,0,0,32.1,23.5,27.5,69,2026,B_real
2026-05-17,22050.097999999998,13330.8,9563.4,Sunday,1,0,20.6,14.4,17.4,79,2026,B_real
2025-12-29,22572.024800000017,12751.2,5863.800000000002,Monday,0,0,31.3,24.2,26.4,86,2025,B_real
2025-08-26,19717.038,12461.4,5154.000000000002,Tuesday,0,0,19.5,3.6,11.4,74,2025,B_real
2025-08-20,21226.19934485378,13041.0,6595.200000000002,Wednesday,0,0,22.5,12.6,16.7,80,2025,B_real
2025-11-04,23782.983,12171.6,10553.399999999998,Tuesday,0,0,32.5,19.0,26.1,69,2025,B_real
2025-11-20,22773.1065,12751.2,9044.400000000001,Thursday,0,0,31.8,19.9,25.7,62,2025,B_real
2025-01-17,25439.87846621765,12171.6,10543.599999999997,Friday,0,0,37.9,27.1,32.4,47,2025,B_real
2026-07-27,23081.972999999998,13097.4,8404.200000000003,Monday,0,0,31.0,21.6,25.5,75,2026,B_real
2025-09-08,19551.11298213676,7824.6,13620.59999999999,Monday,0,0,22.2,15.2,19.0,90,2025,B_real
2025-10-17,22289.402218255993,8467.2,9557.5,Friday,0,0,25.7,20.7,22.6,84,2025,B_real
2026-08-22,18454.81272727273,10432.800000000001,1738.8,Saturday,1,0,22.3,8.8,15.3,73,2026,B_real
2024-01-24,22260.289445272738,14415.6,11736.567806451614,Wednesday,0,0,30.8,21.5,26.2,70,2024,B_real
2024-01-31,19261.42886777302,12461.4,11736.567806451614,Wednesday,0,0,35.5,24.0,29.8,50,2024,B_real
2025-12-31,19877.5,13330.8,7534.800000000003,Wednesday,0,0,30.6,23.7,26.7,84,2025,B_real
2024-01-11,19854.003288714517,11592.0,11736.567806451614,Thursday,0,0,28.0,22.8,25.3,88,2024,B_real
2024-06-23,22497.919344162125,13910.4,7534.800000000003,Sunday,1,0,29.2,21.7,25.2,70,2024,B_real
2025-06-06,12785.116086617196,3477.6,6992.400000000002,Friday,0,0,24.2,15.3,19.0,85,2025,B_real
2025-10-05,22313.953628166593,9563.4,7824.600000000003,Sunday,1,0,35.1,25.2,30.0,57,2025,B_real
2025-12-22,22079.869433333333,10432.800000000001,7245.000000000003,Monday,0,0,26.8,23.9,25.0,91,2025,B_real
2024-11-14,22448.23813118688,11881.8,10432.8,Thursday,0,0,29.9,16.4,23.5,48,2024,B_real
2024-05-19,19066.85996428196,5796.0,12461.399999999992,Sunday,1,0,17.3,9.5,13.1,79,2024,B_real
2024-10-13,18750.934546480465,4636.8,13096.199999999992,Sunday,1,0,30.3,19.0,24.8,74,2024,B_real
2026-07-14,21701.64,10143.0,10142.999999999998,Tuesday,0,0,22.5,9.9,15.3,72,2026,B_real
2025-04-30,21103.6875,12461.4,6375.600000000002,Wednesday,0,0,24.5,11.8,17.7,69,2025,B_real
2025-03-25,22963.634841526193,13620.6,9563.4,Tuesday,0,0,28.7,22.0,24.7,88,2025,B_real
2026-07-26,22522.772999999997,9273.6,10722.599999999997,Sunday,1,0,28.5,19.4,22.8,87,2026,B_real
2025-07-21,18990.366,11012.4,6892.2,Monday,0,0,26.5,15.4,20.2,70,2025,B_real
2024-12-28,22328.0,12751.2,7824.600000000003,Saturday,1,0,30.6,18.9,24.9,56,2024,B_real
2024-07-28,17156.730065975495,4347.0,15359.399999999985,Sunday,1,0,24.0,18.7,21.0,78,2024,B_real
2025-08-14,18126.055247163695,10143.0,2729.6000000000004,Thursday,0,0,22.7,11.7,16.6,70,2025,B_real
2025-03-18,21550.912704939918,12751.2,5216.4000000000015,Tuesday,0,0,31.9,18.9,25.0,69,2025,B_real
2024-09-22,17963.754253906,7824.6,8983.800000000001,Sunday,1,0,33.3,24.1,28.2,69,2024,B_real
2026-07-03,21787.747,11881.8,11012.399999999996,Friday,0,0,13.1,7.5,10.1,72,2026,B_real
2024-10-08,19623.840934322776,6085.8,12461.399999999992,Tuesday,0,0,30.3,23.7,26.6,68,2024,B_real
2025-01-15,25454.255628841925,11592.0,13910.4,Wednesday,0,0,35.5,21.8,28.6,58,2025,B_real
2024-02-09,20623.47130678084,12171.6,1738.8,Friday,0,0,34.7,25.5,29.3,67,2024,B_real
2026-05-19,21110.597999999998,12171.6,7534.800000000003,Tuesday,0,0,18.5,7.7,12.4,78,2026,B_real
2026-05-15,22075.597999999998,12751.2,10722.599999999997,Friday,0,1,22.9,14.7,18.4,81,2026,B_real
2025-09-18,21584.932,10722.6,5796.000000000002,Thursday,0,0,30.6,23.1,26.4,64,2025,B_real
2024-03-07,22916.6538171773,13330.8,3477.600000000001,Thursday,0,0,32.0,25.0,27.9,75,2024,B_real
2025-04-26,20292.47706229922,11881.8,2608.2000000000003,Saturday,1,0,27.7,20.2,22.9,91,2025,B_real
2024-03-08,23499.66684973638,12171.6,4057.200000000001,Friday,0,0,33.6,26.0,29.2,76,2024,B_real
2025-08-06,18882.348,12171.6,5202.000000000002,Wednesday,0,0,21.8,15.6,18.3,91,2025,B_real
2025-02-27,24203.241500421467,13330.8,12615.399999999994,Thursday,0,0,31.1,24.8,27.0,79,2025,B_real
2024-12-18,22039.691680841195,12751.2,9086.0,Wednesday,0,0,32.7,20.7,26.6,60,2024,B_real
2024-09-18,17781.471341829587,7534.799999999999,8694.000000000002,Wednesday,0,0,29.6,19.6,24.2,64,2024,B_real
2026-02-03,20697.985,10722.6,3187.8000000000006,Tuesday,0,0,34.5,23.0,28.3,68,2026,B_real
2026-04-21,23046.918,12511.8,8114.400000000003,Tuesday,0,0,27.6,20.6,23.3,89,2026,B_real
2024-09-01,19056.571828570246,6375.6,11591.999999999995,Sunday,1,0,18.8,12.5,15.5,75,2024,B_real
2026-03-21,17680.85,9273.6,3187.8000000000006,Saturday,1,0,33.5,24.8,28.4,76,2026,B_real
2024-10-19,18805.81810984711,6955.2,9273.6,Saturday,1,0,27.4,17.7,22.3,76,2024,B_real
2025-02-28,22533.3984247553,12751.2,6375.600000000002,Friday,0,0,33.5,24.6,28.9,70,2025,B_real
2024-03-04,24287.094855342977,13506.199999999999,6955.200000000003,Monday,0,0,30.7,23.5,26.4,81,2024,B_real
2026-03-27,22094.434666666668,11302.199999999999,8404.200000000003,Friday,0,0,31.9,24.2,27.8,74,2026,B_real
2024-07-03,17320.814749037312,3477.6,10722.599999999997,Wednesday,0,0,27.9,18.0,22.1,73,2024,B_real
2025-08-19,21182.090908598657,11302.199999999999,7086.600000000003,Tuesday,0,0,25.5,14.2,20.3,70,2025,B_real
2026-01-31,23819.13533333333,11881.8,6955.200000000003,Saturday,1,0,35.2,22.0,29.4,51,2026,B_real
2025-06-07,12463.316086617197,3477.6,7534.800000000003,Saturday,1,0,21.7,15.0,18.3,89,2025,B_real
2024-12-29,23457.0,12171.6,8776.800000000001,Sunday,1,0,31.3,18.8,25.4,57,2024,B_real
2025-06-22,18869.71440329218,10143.0,6110.400000000002,Sunday,1,0,23.1,14.4,17.5,92,2025,B_real
2024-09-11,18368.951355713365,6085.8,9273.6,Wednesday,0,0,34.2,23.1,28.1,41,2024,B_real
2026-08-21,22060.612727272728,11881.8,7534.800000000003,Friday,0,0,22.1,7.0,13.9,79,2026,B_real
2025-01-23,21519.663612565444,11302.199999999999,2318.4,Thursday,0,0,35.4,24.4,27.9,75,2025,B_real
2025-11-15,23205.7938,11881.8,11986.199999999993,Saturday,1,0,29.7,22.7,25.8,79,2025,B_real
2026-09-02,22491.05,12751.2,9563.4,Wednesday,0,0,25.0,11.6,18.3,84,2026,B_real
2025-06-29,20127.76875,11012.4,7245.0,Sunday,1,0,15.0,11.3,13.2,84,2025,B_real
2024-03-27,24987.259648362673,12461.4,5506.200000000002,Wednesday,0,0,31.8,21.2,26.8,69,2024,B_real
2025-10-06,22379.00118942959,13330.8,11012.399999999996,Monday,0,0,29.7,16.8,20.6,77,2025,B_real
2024-06-07,17904.788739833522,5216.4000000000015,12751.199999999992,Friday,0,0,28.6,19.2,23.0,69,2024,B_real
2025-07-02,20792.235454545455,13330.8,4636.8,Wednesday,0,0,13.3,2.5,7.5,69,2025,B_real
